Category,Best Seller 1,Best Seller 2,Best Seller 3,Best Seller 4,Best Seller 5
Сальники и уплотнительные кольца,893.889 ,31526-3VX0A ,2920A096 ,F 00V C17 504 ,F 00V C17 503 
Стеклоподъемник,1U0 837 583 ,1U0 837 584 ,88371794502 ,88370364702 ,88370378202 
Стойка стабилизатора,26774 01 ,BX0008 ,CLKH-30 ,CLVW-1 ,CLM-28 
!Нет категории,KYB22023A-ARCH ,M-0303 ,LUMRC120B1 ,RD.61J6WP2097C ,BIL0101 
Болты и гайки,WHT 000 228 ,N 101 064 02 ,WHT 000 227 ,55220 2H000 ,N 106 483 01 
Термостат,82 00 772 985 ,TX 14 87D ,TH00188G1 ,TH6276.87J ,TH6047.89J 
Датчик износа тормозных колодок,1 987 474 966 ,1 987 473 012 ,1 987 474 567 ,1 987 474 551 ,1 987 474 958 
Промывки и очистители,9970 ,1636264180 ,1920 ,1994 ,W105 
Ремкомплекты тормозных колодок и тормозной системы,812001 ,238022 ,0039 ,D7003C ,810033 
Стекла зеркал,6471127 ,6471128 ,6432128 ,6432127 ,6412111 
Компоненты генератора,6303DDUC3E ,230090 ,B885T12DDNCXMC3E ,6202DDUC3E ,135172 
Пыльник ШРУСа,D8000E ,VKJP 01001 ,500284E ,D8298 ,36175 
Масляный фильтр,26300-35505 ,OC 264 ,W 811/80 ,W 67/1 ,MOF4459 
Моторное масло,08880-80845 ,93165557 ,G S55 502 M4 ,G S55 545 M4 ,216689 
Воздушный фильтр,WA6781 ,WA9567 ,WA6333 ,WA6214 ,WA9770 
Топливный фильтр,WF8388 ,KX 220D ,WF8034 ,KL 79 ,C491 
Тормозные колодки барабанные,0 986 487 270 ,06830 ,S 85 516 ,06800 ,96463796 
Подшипники трансмиссии,BT2012 ,6007EEC3 ,714 151 0002 ,6006EEC3 ,90363-95003 
Дверные ручки,1187100870 ,1188301100 ,1587100370 ,31837041 ,81790 2E010 
Масляный поддон,02113 ,19758 ,409 597 ,1087 298 364 ,116 601 
Головка блока цилиндров (ГБЦ),77 00 274 026 ,77 00 106 271 ,12513-P72-003 ,02116 ,14-32126-01 
Корпуса воздушного фильтра,30763 ,K 7142 ,C 16 134/2 ,F 026 400 653 ,70-136-001 
"Рычаги, комплекты рычагов и балки подвески",32007 01 ,ZRZ-HY-513 ,CQKH-31 ,54 50 010 64R ,54 50 042 69R 
Втулка стабилизатора,CVKH-55 ,20464SC010 ,CVKH-68 ,863814 ,35888 01 
Брызговики,87755 3W000 ,59123SC000 ,5E0 075 111 ,59123SC010 ,5E0 075 101 
Пробки и Заглушки,1K0 899 185 ,N 102 265 01 ,98390 3F000 ,N  102 266 01 ,6Q0 412 359 
Фильтр салона,M110112 ,WP9147 ,WP9290 ,WP9146 ,WP2110 
"Крепеж, накладки, спойлеры стеклоочистителей",85292-13010 ,13171805 ,6Q6 955 435 D ,85292-0F010 ,5P0955435B 
Прокладки и комплекты прокладок,N  906 175 01 ,31397-1XF0D ,12409 ,82 00 236 731 ,22441-26020 
"Трубки, шланги и адаптеры тормозной системы, системы сцепления",06J 115 679 E ,1161650200 ,30 85 120 92R ,6T46118 ,30176 
Сайлентблоки,21113 01 ,10203 02 ,29916 01 ,38620 01 ,35725 01 
Болты и гайки колесные,52950 17000 ,99 90 9801 ,90942-02081 ,46632 ,94837389 
Рессоры,55046-EB000 ,55047-EB301 ,MB584530 ,MN103209 ,6127538 
"Датчики давления масла, жидкости и другие",95961350 ,4H0 959 126 B ,DPS32002 ,OS3577 ,38935 
Амортизаторы,335808 ,344459 ,317 428 ,23967 ,334834 
Передний бампер,020 0142 900 ,250707-1 ,62022-6FL0H ,30807087 ,52119-3T935 
Электродвигатели,ERD-CT-001 ,ERD-CT-007 ,515074 ,52389 ,97159 2G000 
Тормозные колодки,P 85 020 ,C2W001ABE ,GDB1330 ,SP1187 ,0263.05 
"Дифференциалы (редукторы), главные передачи и составляющие",534.300 ,964.880 ,27561-66J01 ,25190005 ,45822 3B450 
Клипсы,86590-28000 ,30392 ,909140007 ,WHT 003 737 ,7L6 868 243 
Трансмиссионное масло,08886-02305 ,XT-10QLVC ,04500-00115 ,04300 5L1A0 ,08200-9008 
Фильтр АКПП,31726-28X0A ,2824A006 ,31726-3JX0A ,25430-PLR-003 ,HX 81D 
Подушка коробки передач,22630 01 ,22766 ,100 399 0013 ,33143 01 ,35394 01 
Омыватель стекла,FRAISER BG -25C 4L ,48391093981 ,FRAISER M -25°C 4L ,FRAISER K -25C 4L ,48391093978 
"Ремень ГРМ, комплект ГРМ",13 0C 115 08R ,530 0171 10 ,530 0550 10 ,530 0197 10 ,11 9A 070 49R 
Антифриз,P999-G12 ,P999-GRN ,19 40 663 ,P999-G12-005 ,P999 
Вода дистиллированная,VODA 5L ,48021027570 ,WATER 5 ,505007 ,093772 
Канистры и лейки,83002 ,YT-0692 ,YT-0693 ,887D01 ,CA10 
Оборудования для замены масла,YT-0699 ,JDCE0108 ,YT-0691 ,11-511 ,11-550 
Пробки и кольца уплотнительные поддона и коробок переключения передач (КПП),21513-23001 ,90430-12031 ,11026-JA00A ,813.052 ,ADH20102 
Шайбы,WHT 000 232 ,90471-PX4-000 ,3248 08 ,94109-20000 ,MN184102 
Специализированные инструменты и съемники,HT7201 ,YT-0842 ,YT-0846 ,HT-7031 ,YT-0826 
Зеркала боковые и их составляющие,5402-04-1121952P ,6103-16-040352P ,350319521060 ,6165594 ,6343438 
Подкрылки,2711FP-1 ,88090160602 ,88090163002 ,KH0552 388 ,2711FL-1 
Трос ручника,1 987 477 958 ,90236045 ,8140 251201 ,K17278 ,K13156 
Закладные гайки и пластины для саморезов,16283 ,N 909 591 01 ,16132 ,94515250 ,94530002 
Саморезы,101436 ,N 909 747 01 ,18641 ,N 103 546 02 ,94520536 
Галогенная лампа,12972PRB1 ,12342PRB1 ,64210 ,1 987 302 804 ,12258PRB1 
Свечи зажигания,4604 ,4603 ,18855-10060 ,4619 ,4702 
Аккумулятор,0 092 S40 240 ,0 092 S40 050 ,1620012780 ,0 092 S40 210 ,0 092 S40 260 
Цилиндры тормозной системы и их части,F 026 009 433 ,F 026 009 260 ,03.3304-2208.1 ,04-0594 ,PMK272 
Жидкость для гидросистем,06161 ,213756 ,06162 ,99 90 6161 ,46161 
Фонари задние (задние габариты),214-4001L-LD-UE ,26 55 000 23R ,431-4003L-LD-UE ,FEBR-CSLH ,214-4001R-LD-UE 
"Крышки, пробки и болты радиаторов и бачков расширительных",RC0027 ,RC0050 ,N 905 088 01 ,1306 J5 ,82 00 048 024 
Задний бампер,027 0234 950C ,250696-1 ,86611 2F510 ,86611 2P010 ,FP 3227 950-P 
Присадки и очистители для топливной системы,7506 ,T316 ,G 001 770 A2 ,7110 ,W22911 
Втулки,47769-33020 ,1313 22 ,KKY01 46062 ,77 00 732 903 ,MB584531 
Герметики и клеи,70-31414-10 ,NX21139 ,70-31414-20 ,006.553 ,NX13215 
"Тросы, механизмы и приводы (кулисы) переключения передач",77 00 872 205 ,02865 ,1131700710 ,2460A108 ,94580787 
Смазка для тормозной системы,PFG 110 ,39022 ,7585 ,10000 ,5 000 000 150 
Петли двери и ограничители,82191 28010 ,80116 ,9044 34 ,206 055 ,6004-00-0131P 
ШРУС,771 0016 30 ,771 0344 30 ,771001030 ,ADC48924 ,G8Y002PC 
Кольцо АБС,0900357 ,0900179 ,47 97 078 20R ,8540 10419 ,8540 23405 
Тормозная жидкость,1 987 479 107 ,FBX100 ,L 04 010 ,PFB401SE ,B00 075 0M3 
Тормозные диски,DF4276 ,DF4295 ,DF2803 ,DF2805 ,100.3300.20 
Отвертки,71 11 1 179 629 ,LA SL5-100 ,VTC-03A ,09146 11110 ,95963801 
Средства для мытья и очистки узлов и агрегатов,PFC105 ,NX40650 ,96000100 ,96000200 ,AD0057 
Приводной вал,1 038 216 ,239164 ,239163 ,241262 ,49560 2S050 
"Крепежи, монтажные комплекты и уплотнения выхлопной системы",114-952 ,771-961 ,077.470 ,03687 ,1121400900 
Свечи накала,0 250 403 009 ,GE110 ,GE 133 ,GN003 ,GN018 
"Ступицы, подшипники ступицы колеса и компоненты",713 6110 00 ,713 6106 10 ,713 6102 30 ,713 6100 20 ,R15587 
Датчики включения/выключения,93810-3K000 ,96192077 ,TS6994 ,330503 ,1194000500 
Диск сцепления,2877 ,HD-118 ,MZ-14 ,TY-28 ,1862 518 031 
Крышка подшипника первичного вала,1131501000 ,3114 600 001 ,414 0130 10 ,20029154B ,2105 38 
Радиатор печки,11089 ,73962 ,73921 ,AH 19 000S ,4016N81X 
Щетки стеклоочистителя,3 397 004 667 ,3 397 004 673 ,DUR-060L ,DUR-065L ,3 397 004 672 
Подушка двигателя,4001814 ,33147 01 ,33150 01 ,1517902200 ,B11355 
Поворотник,665-1503L-UE ,18-0207-01-2 ,89490234702 ,99491598102 ,550-1404N-AE 
Пыльники и отбойники амортизатора,910059 ,PK078 ,910022 ,910026 ,912053 
Зеркала слепых (мертвых) зон,VM105 ,VM115 ,,,
Заглушка бампера,1Z5 807 441 B41 ,1Z5 807 441 B GRU ,86517 1E000 ,86517 1R000 ,89550865002 
Форсунки омывателя,85321-26020 ,53959 ,98886 29000 ,1198700800 ,99551814701 
Решетки передние,KD45-50-1K5A ,88070044002 ,88530045602 ,88530059402 ,88530043702 
Шаровая опора,CBM-36 ,CBKH-7 ,CBKK-20 ,4005280 ,JBJ721 
Опоры радиатора,0382 56 ,21506-4M400 ,B11362 ,PE01-15-241 ,1312 A4 
Заклепки,25035 ,WHT 005 263 ,90138810 ,25050 ,3C0 853 934 
Пружины подвески,00504082 ,RA6147 ,4040A253 ,90538496 ,RC1703 
Коврики салона,761 061 500 8 2V ,1Z0 061 221 ,0704 ,07190-GD-BLACK ,1007012 
Кронштейн бампера,86442 2E000 ,86432 2E000 ,6400F549 ,71140-SXS-A00 ,71190-SXS-A00 
Фара,123-1103LMLD-EM ,221-1160RMLEMN2 ,223-1126R-LD-EM ,441-1142L-LD-EM ,661-1150R-LD-EM 
Шпильки,1982 83 ,MLS-196 ,MB584750 ,09119-12012 ,90113-S84-901 
Рулевой наконечник,CEKH-7 ,CEM-14 ,4006134 ,12172 04 ,CEN-133 
Кожухи и крышки двигателя,61258 ,0250 67 ,100 205 ,BPZ-CT-005 ,109 110 
Лампочки вспомогательного и сигнального освещения,12961B2 ,12499B2 ,12498CP ,2825 ,12496NACP 
Подшипники двигателя,77552600 ,77913600 ,87200600 ,78635600 ,1K0 711 699 A 
Жидкости для очистки выхлопных газов ( AdBlue ),PLN003 ,G 052 910 A4 ,G05 291 0M3 ,PLN004 ,AD-BLUE-010 
Светодиодные (LED) лампы,11961U30CWB2 ,LS260_P ,2892I ,489 ,LS243_P 
Щетки графитные,300821 ,PX60 2 ,BX2132 ,140817 ,1 004 336 506 
Высоковольтные провода,CP087 ,27350 2B000 ,0 986 356 980 ,EWTH00011H ,0 986 357 256 
Газораспределительный механизм (ГРМ),420 0098 10 ,VM10002 ,420 0022 10 ,77 01 478 505 ,73134AC001 
"Датчики уровня топлива, масла и другие",30777 ,19190044801 ,70684000 ,33832 ,FT94642 
Рулевая тяга,CRF-10 ,JAR971 ,25329 02 ,CRF-24 ,1679749780 
Зарядные и пуско-зарядные устройства для АКБ,0 189 999 03M ,0 189 999 07M ,0 189 999 01M ,139700 ,OBSL200 
"Датчики температуры топлива, масла и другие",06A 919 501 A ,WS2604 ,059 919 501 A ,WS2607 ,22 63 060 24R 
Форсунки омывателя фары,28628-V4400 ,28 93 097 08R ,86640FC021 ,89550865102 ,98691 3Z000 
Подвесной подшипник,6007EE ,6006-2RS1 ,6006.EE ,49575-2B000 ,776 0002 10 
Стабилизатор,54814 3K000 ,B12618 ,20451SA000 ,3C0 411 303 AA ,1K0 411 303 AQ 
Топливные форсунки,1 417 010 997 ,219.950 ,1 987 972 087 ,103836 ,16 60 062 12R 
Бачок омывателя,6432 38 ,6432 30 ,6V0955485 ,1198600300 ,6432 37 
Накладки педали,BC1108 ,32825 36000 ,4504 17 ,36015GA121 ,2130 26 
Вентилятор радиатора,D8W007TT ,32947 ,21 48 116 26R ,85946 ,99590017701 
Приводной ремень генератора,25212-26021 ,4PK855 ,6DPK1195 ,6PK1255 ,6PK1045 
Ролики и натяжители ГРМ (газораспределительного механизма) и приводных ремней,532 0160 10 ,347-00 ,T38018 ,25286-2B010 ,534 0550 10 
Лямбда-зонд,1952 ,0 258 986 507 ,0 258 986 602 ,0 258 007 351 ,DOX-0109 
Приводы и тросы спидометра,90375764 ,1170601000 ,1170600500 ,2643 02 ,99571763901 
Замок двери,EZC-VW-059 ,15676 ,EZC-VW-060 ,17016 ,172110 
Соленоиды и электроклапаны,DCRS301110 ,7.00470.07.0 ,7.00868.02.0 ,82 00 661 049 ,1226400100 
"Датчики положения, датчики Холла и датчики импульсов",39180-2B000 ,96253544 ,0123-GRJ120-KIT ,SS11007 ,SS10429-12B1 
Лампы переноски,007935030140 ,LPL18 B1 ,LPL19B1 ,RC420B1 ,RC320B1 
Расширительный бачок,11210308901 ,100 223 0009 ,DBG005TT ,105933 ,11210084001 
Датчики прочие,30341 ,30812 ,42700 3B700 ,8604A053 ,ZJ01-18-921 
Реле,0 332 011 007 ,0 332 019 103 ,0 332 201 107 ,0 986 AH0 300 ,4H0 951 253 A 
Опоры и опорные подшипники амортизаторов,M259.01 ,713 0388 20 ,31770 01 ,31764 01 ,KB65528 
Присадки в масло гидравлическое и трансмиссионное,1988 ,XA 11030 ,XA 10030 ,ХА 10330 ,1040 
Электропроводка и компоненты,N  907 647 01 ,37914 ,37915 ,0 352 070 011 ,03L 971 921 A 
Воздуховод,1K0 805 962 E 9B9 ,1K0 805 965 C 9B9 ,1U0 805 826 A ,1U0 805 825 A ,GPP-BM-004 
Тросы акселератора,4719 11 ,1170100400 ,6003 002 ,96266272 ,1170100100 
Рычаги стеклоочистителей,82 00 027 479 ,98380 4H050 ,2190075 ,53115 ,98811 1H000 
"Провода, кабели и клеммы системы аккумуляторных батарей (АКБ)",91971 2B370 ,6X0 915 138 ,1Z0 971 996 ,96452251 ,BT109 
LED комплекты переднего основного света,180333000 ,180323000 ,180363000 ,103413363 ,11005U50CWX2 
Защиты днища и комплектующие,17313 20000 ,84146 1E000 ,FP 2809 229 ,88250298502 ,8K0 825 202 A 
Вентилятор печки,98190703601 ,DD1004TT ,DD5001TT ,132541 ,132551 
Патроны ламп,1Z0 941 669 ,92166 3K000 ,G14S-51-3E7 ,ZVW1500 ,1U0 943 167 A 
Бендикс стартера,234124 ,940113020130 ,36139-11140 ,47003 ,594674 
Панели передние,51 12 7 000 347 ,957804 ,TF69Y0-8401040 ,051 4629 200 ,77 03 072 337 
Ароматизаторы,83 12 2 285 673 ,551/92092 ,7041068136242 ,78005 ,V402 
Выхлопная труба,08.63 ,800-255 ,01.21130 ,01.21940 ,05.50 
Глушитель,30.233 ,24.27 ,07.453 ,21.275 ,05.09 
Хомуты,38765 ,38762 ,30756 ,FE-CLAMPZ ,N 906 867 01 
Смазки для подвески и рулевого управления,YSBB0 91105FFF ,217654 ,3381 ,04007-76133 ,13109 
Суппорт тормозной,BDA671 ,HZT-MS-004A ,4605A216 ,521522 ,BDA210 
Трубки и патрубки вентиляции картера,45072 ,223512 ,96495288 ,55556495 ,11330079301 
Ролик сдвижной двери,BSG 30-975-015 ,88430439901 ,1188600680 ,30-975-007 ,306016 
Батарейки и портативные аккумуляторы,BJ14B ,BT32B ,R03B4A95/10 ,R6L4B/10 ,R6B4B260/10 
Подсветка номерных знаков,6340 A3 ,1Z0 943 021 ,441-2107N-UQ ,1 732 840 ,92510 3B500 
Комплект сцепления,3000 951 098 ,3000 950 019 ,3000 951 556 ,826995 ,600 0016 00 
Диагностические приборы и тестеры,TG574 ,8PD 006 541-001 ,TG572 ,51347 ,CR301 
Водяная помпа,538 0037 10 ,538 0026 10 ,538 0060 10 ,538 0375 10 ,538 0088 10 
Патрубки и соединители системы охлаждения,12408 ,032 121 142 ,1114550400 ,82 00 561 420 ,11221770601 
Выжимной подшипник,3151 000 388 ,3182 654 232 ,30 62 023 13R ,3151 802 003 ,510 0177 10 
Лампы подсветки панели приборов,170373000 ,B77201 ,12516CP ,2721MF ,170483000 
"Молдинги, накладки и расширители бампера",KEA 075 004 ,88070040002 ,88071330002 ,88070047302 ,57731SG120 
Кнопки и выключатели,RS5584 ,02T 945 415 P ,EZC-CT-009 ,RS5563 ,93560 3B100 
Профессиональная химия для автомоек,NX01149 ,NX01139 ,NX01158 ,NX01136 ,NX05126 
Средства по уходу за автомобилем,NX65000 ,AD0055 ,NX25230 ,810550 ,810540 
Рулевая рейка,EX565001E500 ,SPK-RE-005 ,RE104R ,44221014001 ,45510-42230 
Катушка зажигания,27301-2B010 ,27301-2B000 ,ZSE030 ,0 221 604 115 ,27300 2E000 
Датчик АБС,15340 ,SS10308 ,SS10307 ,JG9Z-2C20-4A ,131584 
Стандартные рейки (Рейлинги) на крышу,1U9 860 145 B41 ,87214 1H000 ,Q376-0014 ,1U9 860 146 B41 ,87255 A5000 
"Пыльники, крышки и уплотнители фар",92140 3K000 ,92191 2E000 ,26 02 904 41R ,92191 1G000 ,92192 1E000 
Реле регулятор,51 76 7 183 752 ,VR-B254 ,130507 ,1190200900 ,VR-B195M 
"Пневмоподвеска, пневмосистема и составляющие",11 15 1 703 710 ,40-221595 ,7L0 616 813 B ,40-247687 ,350560200002 
Тросики и ручки открывания капота и багажника,7928 34 ,6Y0 823 397 A 209 ,1K1 823 633 B ,1U0 823 570 A ,81174-21010 
Пыльник рулевой тяги,4006215 ,30177 02 ,47318 39300 ,4006224 ,0664574 
Винты,19987 ,19080 ,19986 ,19982 ,6984 03 
Защита тормозного диска,55430 ,54847 ,55431 ,171545 ,55198 
Поршневая группа,030 77 N0 ,D7282C ,033 01 N0 ,33937.050 ,800054110000 
Кулаки поворотные и шкворни,SZOS-001 ,516868S ,LM-30302 ,45610-63002 ,HR30302J 
Монтажные компонеты сцепления,15916 ,41430 23200 ,109 644 ,02J 141 719 C ,41426 39260 
Привод замка двери,30995 ,88101582801 ,1171000300 ,1171000870 ,34839005 
"Топливопроводы, горловины и их части",0 280 142 431 ,0 280 142 479 ,3225-00050 ,96434270 ,3225-00053 
"Предохранители, держатели, прерыватели",1 987 529 037 ,1 987 529 038 ,F 113 ,FT 10A.50 ,FL 15A.10 
Патрубки впускного коллектора,117 633 ,06D 133 299 D ,11031428201 ,1216000600 ,73546 
Рейки топливные,0 280 160 557 ,1119900800 ,0 280 160 575 ,06B 103 221 H ,0 280 160 597 
Крестовины карданных валов,GUM-93 ,U 024 ,U-100 ,GUN-50 ,Q033-0136 
Приводы заслонок отопителей,MR513272 ,MR513273 ,97222 3E060 ,5Q0 907 511 D ,5Q0 907 511 K 
Датчики скорости и датчики оборотов вала,254019 ,SS20000 ,39180 26900 ,88719-33020 ,1197200100 
Радиатор,652711 ,652011 ,65277 ,62894 ,628952 
Радиатор кондиционера,94684 ,817777 ,817608 ,260756 ,814187 
Проставки для увеличения клиренса,1033-15-00420 ,1040-15-00130 ,1001-15-01220 ,1033-15-00430 ,1033-15-00440 
Масляный радиатор,15767-31020 ,90608 ,90930 ,D7G038TT ,037-017-0039 
Резонатор,05.08 ,02.24 ,05.61 ,284-395 ,08.62 
Присадки в масло моторное,3919 ,XB 40011 ,1001 ,MZ100139EX ,XA 40012 
Обгонная муфта генератора,535 0012 10 ,535 0194 10 ,535 0105 10 ,535 0115 10 ,535 0187 10 
Замок зажигания,1290400300 ,100 905 0013 ,1290400200 ,4M0 121 095 ,93110-2D000 
Рамки и накладки для номеров,000 071 800 B 041 ,NH100 ,142100 ,NH01 ,NH06 
Внутренние элементы багажника,90950-01960 ,24466022 ,6U0 827 525 ,MU720011 ,01553-2109E 
Масла моторные для грузовой и сельхозтехники,186420 ,144718 ,15871F ,05200-486A0 ,186320 
Усилители и абсорберы бампера,016 0111 980 ,86514-1H000 ,027 0741 941 ,86520 1E000 ,016 0110 941 
"Крепления, держатели и зарядки для гаджетов",BX51CB ,BX51LB ,BA68AW ,MIDC/322TB ,BX51MB 
Накладки двери,75720-42031 ,7405A191 ,GJ6A-50-650K ,303014 ,6284ASMHB 
Крепеж номерных знаков,95473219 ,96600796 ,SF69Y0-2807015 ,7P6 807 287 E ,86519 2B030 
Накладки крыла,66894-4CL0A ,87742 F1000 ,53851-42100-B0 ,63861-9TA1A ,7405A192 
Шкивы и шпонки двигателя,03941 ,23124-2F602 ,6976 06 ,06H 145 255 F ,544 0002 10 
Накладки на пороги,7010 X4 ,9523012 ,0005011 ,1106012 ,2033001 
Полуоси,NWP-PL-001 ,0512-626GD ,90363-41003 ,0312-CL7ATRH ,2112-GEMT 
Кривошипно-шатунный механизм,23042 ,23510 25240 ,SMT2507 ,030 105 425 E ,0516 60 
Система смазки двигателя,03G 115 281 F ,03G 115 281 E ,06H 103 495 AH ,2921A003 ,77 00 109 893 
Системы и элементы управления коробками переключения передач (КПП),00504084 ,A 140 270 11 61 ,20323AA100 ,B18186 ,02.43.303 
Датчик парктроника,EPDC-CT-001 ,5Q0 919 275 B ,KD49-67-UC5A ,0 263 013 682 ,1S0 919 275 
Дополнительный стоп-сигнал,82 00 175 538 ,394 5027 ,5402-43-006200P ,99451805702 ,4F9 945 097 
"Масла и жидкости для мотоциклов и скутеров, водной и мототехники",4820095200668 ,213942 ,4820070240450 ,4820070240818 ,83 12 2 405 891 
Стартер,3 340 522 025 ,111272 ,432644 ,BN3610022805 ,S3003 
Сигнальные жилеты,149100 ,9451735 ,ЖБ005 ,LA 171601 ,171600 
Смазки универсальные,W122 ,29002 ,29001 ,83 19 2 157 321 ,B401 
Корпусы топливного фильтра,1 781 617 ,116 127 ,FC446 ,03761 ,03884 
"Защита, накладки и переходники противотуманных фар",6400F550 ,185618912 ,52127-33040 ,555727-4 ,5J0 807 682 9B9 
Механизмы и составляющие крепления кабины,3C0 864 523 9B9 ,MR573227 ,1T1 823 633 B ,3B0 857 561 B Y20 ,1J1 823 633 A 
Патрубки турбины и интеркулера,0382 PJ ,3330009 ,09-0164 ,28264 27800 ,85232 
Крыло,027 0741 310 ,KB7W-52-211 ,027 0741 311 ,036 0358 311 ,051 0740 313 
Ключи зажигания и заготовки ключей дверных,30715 ,23125-32000 ,56638 ,23141 42010 ,A 611 991 00 68 
Рамки окон,51 71 7 258 177 ,51 71 7 203 124 ,51 71 8 232 894 ,5G1 819 403 B 9B9 ,30831 
Кардан,3247 03 ,90541-09137 ,MR580647 ,NWN-NS-006 ,1215-TERSA 
Цилиндры сцепления и их компоненты,6284 605 102 ,30 61 019 84R ,D1631 ,ADM53422 ,ADN13627 
Датчик ДМРВ,AF10189-12B1 ,0 280 218 116 ,28164 27800 ,03L 906 461 A ,7.22684.09.0 
Дверные стекла,A 638 725 00 27 ,GS 2032 D302 ,3016LGNS4FD ,GS 6062 D315 ,GS 9539 D303 
Патрубки системы отопления,95390887 ,02-1632 ,1114310900 ,13170118 ,D0B003TT 
"Пружины газовые (багажника, капота и другие)",017468 ,8092501 ,1181201200 ,1635439780 ,MH71606 
Замки капота,EZC-FR-030 ,7934 E7 ,88230122701 ,B10264 ,EZC-FR-006 
Трапеции стеклоочистителей,2190885 ,5J0 955 325 ,61 61 8 361 741 ,89550166601 ,96303360 
Цепи ГРМ и шестерни цепи ГРМ,24410-25001 ,24420 2B000 ,24431 2B000 ,24321 2B200 ,24431 26000 
Скотч и изолента,TP1910 ,YT-8152 ,8419021 ,DS1105 ,IT010 
Ремкомплекты и части стартера,02181 ,134264 ,135015 ,28130-28040 ,132005 
Датчик давления шин,40 70 04C B0B ,5Q0 907 275 B ,3AA 998 275 ,42607-48020 ,4D0 601 361 
Ксеноновые лампы,N  107 218 01 ,66240CLC ,66140 ,66340 ,78-0110 
Шпонки,55556593 ,11 31 7 523 891 ,,,
Комплектующие для буксировки,0499-DH ,0199-DHACV30 ,0599-DH3 ,09147 2W000 ,100 6235 
Крепления крыла,1T0 821 135 C ,8R0 821 468 A ,561 821 136 ,71198-TL0-G00 ,86551 D3000 
Отражатель света (катафот),1Z0 945 106 A ,1Z0 945 105 A ,5403-03-038204P ,99491083802 ,1K0 947 419 A 
Инструменты для системы охлаждения,82629 ,82633 ,82632 ,82634 ,JJAK0425 
Резинки для стеклоочистителей,98351 1R000 ,233004 ,76622-STK-A02 ,233008 ,85214-52110 
Трос сцепления,723 394 ,1282172 ,46.0109 ,06.0100 ,24.3728-0850.2 
Защита двигателя,10180263001 ,1.0231.00 ,104072 ,88250109302 ,1.0500.00 
Спойлер бампера (губа),88531288902 ,FP 2813 922 ,5N0 807 521 9B9 ,86665 2W000 ,88070874502 
Подрулевые переключатели,84306-48030 ,EAS-MS-007 ,EAS-NS-001 ,EAS-NS-000 ,EAS-MS-008 
Подушки безопасности (Air Bag),93490 3S110 ,93490 1J500 ,93490 2D100 ,93490 2P010 ,93490 2P170 
Насосы омывателя,100 955 0006 ,443 955 465 ,100 955 0010 ,26259 ,02063 
Уплотнители и демпферы капота,14133002 ,65829-JG00A ,65829-JG40A ,81738 24210 ,8T0 823 433 B 
Насосы топливные,313011300015 ,30598 ,04006 ,313011313023 ,313011300005 
Маховик,411 0133 10 ,415 0744 09 ,12 30 039 48R ,411 0124 10 ,0532 T2 
Аптечки первой помощи,AMA UNI-1 ,02-005-М ,ЕВРОСТАНДАРТ ,02-002-М ,DK-TY001 
Пасты и жидкости для шлифовки,GP201 ,DW8307 ,13209 ,MST-001 ,501531 
"Диски колесные легкосплавные (литые, кованые)",40 30 049 74R ,F6560WFSI42VW2X ,F7070WFGB40FN2X ,,
Замок багажника,5J0 827 501 D ,6010-01-053449P ,4B0 867 276 A ,56624 ,56662 
Трамблер,1291300300 ,1191300700 ,1191200400 ,00644 ,8K0 973 703 
Эмблемы,30853009 ,1U0 853 621 C MEL ,3V0 853 621 A FOD ,31214625 ,86300 3A001 
Блоки управления,99590724401 ,115680 ,ERD-CT-001K ,04L 907 282 B ,Q002-1091 
Тросы открытия дверей,1171000100 ,88371792901 ,78390011001 ,14929 42015 ,81371 2F000 
Двигатели системы очистки окон и фар,Q375-0021 ,ESW-VW-000 ,2190617 ,579602 ,5810-43-006390P 
Насос ГУР,BW003 ,05789 ,314 631 0007 ,33145014 ,4901883 
Баки и бачки топливной системы,27288 ,03876 ,03877 ,1115650600 ,30539 
"Губки, полотенца, мочалки для ухода",CC902 ,M358 ,CC907 ,150110 ,CL422 
Крепеж аккумуляторных батарей,1J0 803 219 ,0199-ACV30 ,96280186 ,99150782402 ,6R0 915 429 A 
Ручки багажника,1Z5 827 895 A 47H ,81254 3S000 ,81260 A5000 ,8E5 863 627 ,96617924 
Обода колеса и их части,26740 2G000 ,839 601 361 ,311 601 361 ,11291550101 ,040 151 100 21 
Дверные молдинги,83220 1C001 ,88540422002 ,88540421902 ,88071802802 ,88540422202 
Автоантенны,1J0 035 350 ,07445 ,1100900100 ,07446 ,1200900100 
Валы рулевые и их составляющие,56315-2K000FFF ,AS-1639 ,ST-1639 ,ST-1638 ,ST-1540 
Фонари внутреннего освещения,82 00 418 356 ,MR576170HA ,1K0 947 411 A ,92620 33000 ,96324645 
Смазки для подшипников,02582 ,1987 ,3010 ,7574 ,3510 
Вилки и штоки переключения передач,94535807 ,1131600100 ,108 840 ,1131602200 ,207 007 
Корректоры фар,5273 81 ,0 132 801 141 ,FP 3015 RK1 ,1196000100 ,20-1027-MA-1 
Автокомпрессоры и насосы,121000 ,90110 ,90170 ,122000 ,125000 
Рамы и лонжероны,ZRZ-MS-004 ,51 77 7 171 003 ,46156 ,11991783701 ,51 71 1 938 940 
Генератор,139929 ,A0248 ,DAN1002 ,DAN519 ,113710 
Фильтры паров топлива,82010961002 ,29010 2B000 ,19060053101 ,31453 2H500 ,702256380 
Шланг ГУР,44231679101 ,6 742 740 ,2361066 ,4012 38 ,53733-SEA-E01 
"Диски, пилы и расходные материалы для инструмента",1941045 ,61H709 ,62H700 ,0669201251 ,08-975 
Гидротрансформаторы и их части,02E 398 029 B ,31100AA740 ,,,
Турбина,7.01830.13.0 ,06H 145 710 D ,0892502 ,753420-5006S ,890656 
Тросики и ручки открывания лючка бака,MR970563 ,17255-JK000 ,1Z0 810 901 A ,57346AA010ML ,77360-33030 
Шплинты,3297 03 ,40073-0L700 ,1 32 608 ,14300 03257B ,68160 691AA 
Кольца стопорные,N 012 294 2 ,54518 31600 ,96721-19017 ,82 00 328 305 ,MB160671 
Радиатор ЕГР,03L 131 512 DQ ,TE 1 70 ,07.16.050 ,11317712501 ,38131021 
Измерительные инструменты,120000417001 ,JDBU0210 ,27C001 ,YT-73080 ,6779009000 
Штатные противотуманные фары,89410221302 ,89410226202 ,000 5608 H0C ,088358 ,89410228202 
Панели обвеса арок и крыльев,88051777102 ,88541796302 ,4076433 ,55815 ,5740432 
Инструменты для системы зажигания,BAAU1616 ,09155-74010 ,511502 ,BAAT1616 ,CTFB1635 
Эластичная муфта,200 787 ,107692 ,49130 3W000 ,100 152 0103 ,26 11 7 610 061 
Ремкомплекты коробок переключения передач (КПП),02065 ,55564903 ,82 00 763 335 ,100 2614 ,25188650 
Бачок тормозной жидкости,215.870 ,26658 ,66111597901 ,1110150400 ,58531 2B500 
Колпачки и заглушки для легкосплалавных дисков,3B7 601 171 XRW ,6X0 012 243 ,52960 3K210 ,47449-30030 ,4252A060 
Компрессор кондиционера,ACB35X55X20 ,890632 ,KTT020055 ,AVE 48 000S ,DCP32045 
Шторки солнцезащитные,SS145 ,SS150 ,150800 ,SS065 ,SS130 
Блоки реле и предохранителей,3J915001 ,4504 18 ,3B1 819 415 E B41 ,4F0 802 845 ,4M0 881 347 A 4PK 
Дроссельная заслонка,82 00 545 903 ,4891735AC ,ENT310036 ,12SKV066 ,35100 25400 
Системы управления и механизмы сидений,37968 ,1188000900 ,5J7 881 477 47H ,01929 ,102 921 
Муфта компрессора кондиционера,250129 ,KTT030001 ,35BD5220AT1XDDUM3C01 ,35BD5222T1XDDUM2CG01 ,38420 
Патрубки корпуса воздушного фильтра,96348393 ,628 320 ,19956 ,078 129 797 ,18050942002 
Скребки и щетки,M315 ,400823 ,BP-20 ,BP-41 ,400250 
Корзина сцепления,KIC-10 ,2304A038 ,41300 23138 ,ADN13272N ,HDC-89 
Вакуумный насос,37482 4A100 ,90-235-001 ,B14919 ,ENT410003 ,4565 70 
"Педали, педальные узлы и составляющие",2127 Z1 ,2148 37 ,96232975 ,00498 ,11439 
Рулевая колонка,FT20187 ,34115AA030 ,2750-0017 ,30329 ,34115AA020 
Жидкости для обслуживания воздушных фильтров,9964 ,80617 ,3950 ,,
Ключи и наборы ключей,WR121 ,WR152 ,09131 3B010 ,DK2811-4 ,MT54011 
Плоскогубцы и кусачки,99913-11500 ,PLBN0106 ,PLSC0106 ,01-155 ,DMAA1A06 
Тормозные барабаны,7D0138 ,115 523 1038 ,DB4299 ,7151-S ,PB 6295 
Шумоизоляция багажника,1H0 867 981 ,2.1.20.1.3.01.0.0.1.2 ,2.1.30.1.1.01.0.0.1.2 ,2.1.40.1.1.01.0.0.1.2 ,2.2.30.2.1.02.0.0.3.1 
Подлокотники,84661 3K000HZ ,KA0G-64-45YA02 ,MR532555 ,84664 3K000 ,84663 3K000 
Лампы внутреннего освещения,1 987 302 810 ,12844CP ,B85301 ,12844B2 ,6418 
"Рычаги, тросы и составляющие селектора коробки передач (КПП)",93742966 ,1314 608 ,77111646901 ,LCC 8603 ,25191776 
Шумоизоляция пола,88250108202 ,3C0 862 269 H 1BS ,3Q0 825 235 A ,5J0 863 831 ,5N0 864 725 
Пороги,34984 ,55715 ,34985 ,4M0 802 847 B ,0100086ALL0000 
Коммутаторы,IG-D1961HV ,99050037601 ,138055 ,IG-T003 ,0 227 100 137 
Крепеж и комплектующие запасных колес,62850 2T100 ,62850 28510 ,5Q0 803 899 ,62850 2E010 ,62850 3X000 
Вискомуфта,49535 ,D5A002TT ,18683 ,2100 012 131 ,2100 077 031 
Осушитель кондиционера,250531 ,250528 ,260782 ,97812 22301 ,97853 2F100 
"Рулевые коробки, червячные узлы",B11327 ,56500-2L301 ,7376027 ,1144300400 ,56500-1E500 
Парковочные системы (парктроники),22294 ,23084 ,23087 ,24059 ,28786 
Провода и кабели,7L6 971 880 ,000 971 648 A ,412005 ,03L 130 235 AF ,04L 130 235 L 
Клапан ЕГР,82 00 762 162 ,14 95 662 15R ,14 95 680 21R ,14 71 055 43R ,EG10401-12B1 
Лобовое стекло,8556AGNGYVZ ,GS 1704 D11 ,GS 2601 D11 ,GS 2810 D12 ,GS 3731 D11 
Пинцеты,6270611 ,78400 ,38235-TA0-A01 ,51272 ,YT-6907 
Буксировочные шары и крепления,2399-DH2 ,1999-DH ,,,
Органайзеры салона и багажника,TN069 ,83 29 2 458 654 ,03-031-2Д ,BS12258SM5RBB ,03-017-2Д 
Интеркулер,DAD002TT ,28190 4A481 ,30379 ,96450 ,CI 31 000P 
Валы коробок переключения передач (КПП),02E 398 029 C ,44 18 183 ,49-5136 ,08731 ,43221 39402 
Ступицы колеса,51752-07000 ,1 377 206 ,51752-36000 ,,
Полироли,L3050 ,K413 ,AD0063 ,K035 ,NX00705 
"Стабилизаторы, диодные мосты, потенциометры",82 00 204 295 ,96234932 ,INR720P ,RN-03PL ,136595 
Брелоки,51 21 7 006 821 ,000087010BL ,000 087 010 AT DKQ ,000087011K ,5E3 087 010 
Чехлы и ручки КПП,GS03 ,87110069402 ,GS01 ,GS11 ,MR911278 
Тепловые экраны,51 75 7 185 112 ,BP4K-56-442F ,1 498 120 ,1723 JX ,1723 T8 
Рулевой демпфер,0305CA ,AKY008MT ,SC2962 ,026 046 0161 ,AKY019MT 
Ремкомплекты рулевых механизмов,05841 ,0491-K57T ,22099 ,53413-SCC-003 ,53416-SNA-U01 
Испаритель кондиционера,36141 ,7E0 820 105 A ,92191 ,14950-6N208 ,260620 
Смазка для электроконтаков,3140 ,7643 ,8045 ,8047 ,3139 
Инструменты для обслуживания тормозов,RE T6025 ,YT-0683 ,YT-0681 ,YT-0682 ,RE T6026 
Бачок ГУР,314 632 0000 ,10631 02 ,47017 ,51854 ,64220043001 
"Карбюраторы, их части и составляющие",115 910 ,3C0 122 291 ,43421-60060 ,00500 ,06J 121 132 G 
Фонари и аксессуары,000 087 640 A ,UFBM ,YT-08570 ,3T0 947 417 C 9B9 ,58G007 
Пылесосы для влажной и сухой уборки,BA55B ,BA54B ,BA-53B ,1.629-764.0 ,30063-IS 
Компоненты автоматических коробок переключения передач (АКПП),90301-32010 ,90301-27015 ,90301-27010 ,31377-31X06 ,A 203 540 02 53 
Расширители арок,FP 5023 375 ,FP 5023 376 ,52102-60260 ,7420A018 ,8R0 071 681 4U8 
Шланг кондиционера,MT0105 ,94568299 ,MT1544 ,96800053 ,97811 22301 
Уплотнения для крыльев,53886-35020 ,68102 560AE ,7407A101XA ,51 76 7 264 274 ,53735-35150 
Инструменты для кузовного ремонта,YT-0837 ,11-823 ,06290 ,JJAE0812 ,YT-0844 
Комплекты и компоненты для ремонта подвески,38000 01 ,55227-50Y0A ,OPOS-001 ,38910 01 ,0132-006 
Головки и наборы головок,FTAB0808 ,JDBD3317 ,CAEA0812 ,YT-38510 ,BAEB1619 
Очиститель кондиционера,9978 ,W100 ,XB 40016 ,SP5152 ,RW6122 
Капот,037 0373 280 ,015 0102 280C ,016 0111 280 ,036 0359 280 ,103099 
Детали подушки безопасности (Air Bag),96SKV524 ,Q380-0008 ,93490 2M300 ,EAS-TY-020 ,EAS-TY-001 
Гофра,9924100500 ,9924100200 ,VW445-125 ,60096 ,9924201600 
Молдинги для автомобильных стекол,5J7 845 757 ,51 71 8 208 483 ,82220 1C001 ,91423SG010 ,91423SG000 
Уплотнители дверей,7H0 837 566 A ,7H0 837 565 A ,N 910 604 01 ,1Z0 837 698 D ,83210 1C001 
Огнетушители,ОП-1 ,ОП-2 ,04-001-1 ,ОП-1 (12) ,1Z0 860 231 A 
Ремкомплекты гидроусилителя руля (ГУР),56315 2H000FFF ,AU8006KIT ,04446-20031 ,4450A266 ,B25D-32-610 
Инструменты для кабеля и проводки,YT-06866 ,MWS0101 ,WR 5028 ,YT-2313 ,01-233 
Мембраны,FT60101 ,19400051801 ,02442 ,2385053 ,2385065 
Петли крышки багажника (задней двери),8733 AR ,0B130 56802B ,5C6 877 363 82V ,67293-60030 ,PBM01020A 
Пластиковые панели радиатора,1K0 805 962 C 9B9 ,11211802302 ,16681-36021 ,3V0 121 295 A ,5G0 805 705 H 
Наборы автомобилиста,01-036 ,01-020-Е ,01-039-Л ,01-057-Л ,01-087-Л 
Ремонтные части крыла,0200046ALL0R00 ,0200008ALL0L00 ,0200008ALL0R00 ,02000444SD0L00 ,3127582 
Синхронизатор КПП,2353 66 ,1133000800 ,156.037 ,2388 26 ,2388 32 
Автосигнализации,AS-32 ,CS-30-6 ,ES-11 ,MP-100D CAN READY ,PHI380 
Масштабные модели и игрушки,80 42 2 413 805 ,111 087 511 ,5M0 099 300 A5S ,,
Части корпуса коробки переключения передач (КПП),77111647501 ,2208 46 ,4955 ,02E 301 205 C ,77111641201 
Наборы инструментов ручных,ST-1446 ,38D500 ,GADW4101 ,STM-0108-6 ,38D515 
Пленки затемняющие и тонировочные,375310 ,350310 ,350330 ,350320 ,350340 
"Дневные ходовые огни (ДХО, DRL)",027 4633 H3C ,12-0153-00-2 ,12-0165-00-2 ,19-0875-21-2 ,19-0876-21-2 
Насадка на глушитель,18 30 7 599 189 ,96586887 ,НГ-0069 ,НГ-0101 ,НГ-0263 
Аварийные знаки,LA 170202 ,170201 ,170200 ,149400 ,WT101C 
Аксессуары для буксировки,135550 ,139550 ,134550 ,139245 ,ARM-85 
Разветвители прикуривателя,5G0 035 222 E ,CS303 ,200130 ,CS302 ,DO CFATCS1011 
Инструменты Hex & Torx,YT-0414 ,HT-0606 ,BCFA1240 ,YT-0416 ,35D950 
"Шины для легковых автомобилей (шина, резина)",428190 ,428215 ,140657 ,528501 ,13870 
Рамки и накладки фар основного света,88070095202 ,89410094602 ,8K0 805 607 B ,FP 2603 995 ,FT90739 
Панели приборов,84747-1C000 ,55834 ,84747 2L000 ,96246806 ,1Z0 920 812 D KD0 
Выпускной коллектор,7.03571.16.0 ,0341 F9 ,0341 G2 ,02.14.059 ,55557769 
Штатные сидения,1189800700 ,1189800200 ,1189802100 ,1J0 881 203 A ,1J0 881 204 A 
Торсионы подвески,00722412 ,01-068 ,54120 4A800 ,62400 1G010 ,812 0001 10 
Воздухозаборники и вентиляция капота,66 89 5JY 00A ,11331551101 ,28213 D9000 ,28210 D3200 ,28212 D9000 
Чехлы сидений текстильные,08995790 ,5-9050-253-4010 ,5-9050-253-3020 ,5-9701-248-4010 ,11110 
Панели пола центральные,10736 ,84143 3X000 ,,,
Солнцезащитные козырьки,111 089 ,96409-EG000 ,85235 1C300QS ,85235 05100OM ,MR655334 
Воротки и удлинители,GAAR0301 ,FPKA0808 ,YT-1255 ,511342 ,YT-3853 
Генераторы портативные,5710841 ,,,,
Камера заднего вида,5Q0 980 546 A ,CA0G9 ,CA1K8 ,CA5N0 ,7C0 980 121 
Аудио динамики,6562 X2 ,4G2 035 415 ,1T0 035 411 AB ,CX-1322 ,ICX 542 
Воздушный фильтр для компрессора,AF 0071 ,AF 0073 ,AF 0074 ,11584 ,AF 0070 
Фильтр влагоотделителя,076.954-10A ,076.974-10A ,40061 ,93118E ,AL 12 
Туристическая мебель,AX-792 ,TRF-061 ,,,
Впускной коллектор,06J 133 201 BH ,1K8 945 300 ,PY01-13-100A ,11 61 8 515 685 ,17300-50010 
Домкраты и комплектующие,SJ226 ,SJ224 ,122100 ,121520 ,BJ405P 
Стартовые провода,BC623 ,DK38-0150 ,BC643 ,BC651 ,MMT A022 604A 
Задние панели,13257101 ,3AA 805 300 ,A 210 766 00 56 ,34805005 ,51 75 7 241 814 
Шестерни трансмиссии,135078 ,131503 ,51020 3E100 ,93178821 ,02J 311 295 C 
Подсветка и указатели поворота зеркал наружных,89490234002 ,1Z0 949 102 D ,503 0079 ,5N0 949 101 C ,87623 3S000 
Садовые инструменты,5042984 ,5616051 ,,,
Мигалки и спецсигналы световые,9EL 863 100-001 ,DK-840-2 LED ,MMT A101 001 ,,
Уплотнители для окон,51 31 7 119 711 ,86152 2H000 ,51 31 7 027 916 ,82210 1C001 ,51 31 7 061 967 
Перчаточные ящики и их части,90541-03078 ,58908-32050 ,5J7 867 146 B 47H ,55054-33060 ,5J7 867 145 B 47H 
Роторы генераторов,232766 ,AR0055 ,,,
Инструменты для обслуживания топливной системы,VSC2101 ,RE T9065VAG ,VSC0101 ,VSP-800 ,
Автомобильные прикуриватели,1199900310 ,90100 ,99190048902 ,LC423 ,LC421 
Масла компрессорные,4820070245301 ,MN2902-1 ,1187 ,253484 ,253517 
Смазки для цепей и ремней,9897 ,XB 40343 ,6055 ,XM10018 ,820360 
Петли капота,80109 ,80110 ,77 05 002 131 ,1099-LACLH ,1099-LACRH 
Масляный радиатор АКПП,71810 ,,,,
Наружные части двери,9558153 ,1 24 110 ,2509152 ,30831004 ,30831025 
"Автомобильные краски, грунтовки",LST 0U2 C9A ,KE998-QAB25CC ,HFB 380 034 ,NX48011 ,RAL9005M 
Надписи,5J0 010 465 J ,8665 RY ,1K0 010 307 M ,1Z0 000 322 ,1K8 853 437 Y20 
Катализатор,99.50.738 ,090-590 ,090-595 ,099-025 ,20811-JD00A 
Фильтр ГБО,AF 430 ,AF 405 ,33032 3L000 ,RGAT2070 ,WF8351 
Рукоятки рычага переключения передач,1132350100 ,1132200800 ,1232300500 ,6010-09-046401P ,1232300100 
Управление подготовкой и подачей топлива,B18195 ,31380 2H000 ,35301 2P000 ,016776 ,1119605910 
Рабочие перчатки,51642N ,9443481 ,099700120070 ,51636N ,0899401109 
Наклейки,000 010 006 ,5L0 010 729 H ,5E0 807 905 A ,81297 29500 ,5L0 010 722 P 
Аксессуары и фурнитура для пневматического инструмента,SE3-2PM ,HRC04-04 ,HRC08-08 ,E102-5-1 ,E102-5-2 
Фланцы,3 142 260 012 ,059 121 506 H ,11211797701 ,100 121 0106 ,48365 
Блок цилиндров и его части,A 000 998 65 90 ,0167 82 ,N 011 914 10 ,1 455 107 ,77 03 075 216 
Внутренние части двери,83191 3K030 ,30793 ,82734 2B000WK ,9033 A3 ,55233 1D000 
Крючки и вешалки,1ST 867 159 ,57A 867 785 A9 B9 ,96650149 ,1K0 867 835 9B9 ,000 061 126 A 041 
Инструмент для работы с трубами,YT-22318 ,34D056 ,,,
Накладки тормозные,102666 ,6115120 ,07-L15870-N10 ,116 065 ,34 11 2 284 969 
Конденсаторы зажигания,6555 K9 ,19133-16240 ,27325 22610 ,KTT110520 ,0 290 800 036 
Фланец кардана,706.043 ,02K 141 073 ,02067 ,108 618 ,1144000200 
Наждачная бумага,BL 81500 ,BL 82000 ,BL 81000 ,BL 82500 ,BL 80800 
Дефлекторы на окна,D28 ,MBGL16613 ,T41-M ,TOCA4006 ,VW56 
Электролит,4837617505 ,4837617506 ,,,
Буксировочные крепления,5JH 803 663 9B9 ,1899-DHF ,2399-DHF ,1J0 803 663 B41 ,BK118 
Реостат печки,DEP011TT ,13 90 1 734 469 ,89591057101 ,ABR 99 000P ,509600 
Молдинги крыльев,21506-4RA0A ,68210 316AC ,70-926-002 ,75611-42090-G1 ,75751-0D040 
Тенты и накидки,5-3124-247-4010 ,MMT CP10032 ,5-4112-248-3020 ,5-4123-248-3020 ,MMT CP10036 
Фильтры гидравлические,100248 ,E26H ,HX 44 ,P550148 ,BT223 
Мультиклапан ГБО,RD 93.25.017 ,,,,
Обивка и накладки боковых панелей,85859 2G000QW ,86393 1R000 ,BP4K-50-670G ,,
Коврики багажника и грузовых отсеков,1003 ,104070301 ,111194 ,111357 ,111466 
Молотки и молоты,EHF0500 ,52259 ,02A930 ,EHF0200 ,YT-4491 
Обшивки дверей,6991 S6 ,4F0 868 819 4PK ,BJS8-68-424 ,51 41 7 318 453 ,67003-33161 
Диски фрикционные и вискомуфты,38913AA102 ,0B5 141 030 E ,35649-60030 ,5801480322 ,CFC 57 000P 
Инструменты для обслуживания подвески и рулевого управления,50009880 ,CS300R1 ,ST370D ,SCY0300 ,ST250D 
Вакуумный усилитель тормозов,206 111 ,1115401500 ,42340777 ,PSA743 ,66120036401 
Трещотки,LA 151238 ,YT-0730 ,YT-0297 ,AOAF1010 ,CJBG0815 
Детские автокресла,5-3151-218-4011 ,SMART KID BELT ,DO 00924NRGR ,DO CFE04BL ,born to win™ 
Энергоаккумулятор,05-BCT61-K01 ,076.585-00A ,,,
Спец ножи,17B109 ,SCAD1817 ,17B118 ,17B348 ,52786 
Быстрый запуск,NX45110 ,T440 ,089011 ,SF650 ,
Фаркопы и насадки на фаркопы,PZ408-90550-01 ,00132 ,06785 ,KE500-EY010 ,526100 
Молдинги и наклейки капота,PCV27080A ,016 0106 991 ,016 0111 920 ,023 0182 990 ,031 0270 990 
Средства для мытья рук,AM 1000 ,AM 550 ,4820225630013 ,2394 ,W521 
Обивка крыши и комплектующие,3V0 863 484 A 9B9 ,,,,
Диски колесные стальные (штампованные),216.3101015-03 ,235.3101015-03 ,17-3101015 ,1K0 601 027 C 03C ,216.3101015-04 
"Пробойники, пуансоны, зубила",HCAB1215 ,GAAV0601 ,YT-47121 ,YT-47150 ,04-037 
Накладки и рамки центральной консоли,25 11 1 220 785 ,82 00 735 014 ,97510 1C000 ,A 205 821 03 00 ,303013 
Ремни безопасности,8975 E6 ,1K4 857 755 M QVZ ,39966530 ,51 47 9 119 105 ,72 11 8 119 186 
Инструменты для маркировки и обозначения,14A895 ,YT-3740 ,13-801 ,14A968 ,
Звуковой сигнал,1199500500 ,0 986 AH0 502 ,1199500600 ,0 986 AH0 503 ,100 951 0005 
Товары для розжига,0018 ,0049 ,TRG-051 ,,
Система смазки коробок переключения передач (КПП),01.67.056 ,04516 ,0BH 325 159 ,96958192 ,A 725 271 61 00 
Масла для кондиционеров,140212 ,4083 ,,,
Накладки и рамки воздуховодов,96546895 ,5G0 837 087 B ,1Z0 819 702 A 9B9 ,2H0 819 705 9B9 ,2K0 819 447 B 
Уплотнитель бампера,51 11 8 191 149 ,62068-1KA2A ,75147-TZ3-A01 ,,
Спойлеры багажника,96013-5X00A ,950325 ,,,
"Ножи, заточки и чехлы для ножей",17B815 ,63-107 ,15G190 ,15G191 ,4375851 
Напильники и надфили,06A010 ,06A724 ,SQF0150 ,YT-6160 ,
Экстракторы,YT-0590 ,JGAW0501 ,YT-0591 ,09-615 ,09-609 
Комплектующие для стереозвука и магнитол,13-007 ,12-003 ,12-005 ,12-014 ,12-023 
Ножницы,17B722 ,YT-19763 ,YT-19764 ,YT-1974 ,YT-19766 
Крышка багажника,90 10 076 19R ,30270001 ,320595-5 ,60809SC0109P ,69200 1M030 
Боковые панели и ремчасти боковых панелей,50628321 ,65817-0C140 ,FP 3542 150 ,,
Шинный сервис,TR 414 ,1609060380 ,90080-94031 ,36 12 1 120 779 ,64 53 8 387 438 
Товары для спорта,00000081584 ,,,,
Багажники и крепления на крышу,240322/48 ,9616 S5 ,,,
Средства для защиты от замерзания,996845 ,K607 ,K656 ,K603 ,331 541 
Чехлы и оплетки для рулевого колеса,140420 ,26-2117-1-M ,141320 ,26-23825-1-XL ,CW35/37 
Тормозной вал,58254 37000 ,53810-65D00 ,58356 24000 ,77 01 205 759 ,032 121 142 D 
Средства гигиены,4820096780671 ,51-032-Е ,48021134576 ,51-036-IS ,
Задние крылья,96250422 ,96303245 ,RU-680 ,,
Уплотнения и молдинги крыши,FEDM-M6 ,75551-53020 ,75552-53020 ,87214 1R200 ,1186551500 
Молдинги и накладки крышки багажника (задней двери),87291 26001 ,85743 2E000WK ,87292 17000 ,87292 26001 ,87311 J7300 
Ножницы и секаторы,5021715 ,5021735 ,,,
Блоки розжига,8K0 941 597 E ,13650 ,714100 ,13660 ,1540 
Габаритные огни,30-810-026 ,63 13 2 751 332 ,8390131000ABT ,053-53-890LED ,1017001563 
Чехлы и сумки для шин,LA 140105L ,B6 6 47 0994 ,000 073 900 ,5-3421-246-3020 ,MMT T014 001 
"Пистолеты смазочные (Ручные, пневматические)",51928 ,ARM-1001 ,LA SH1120 ,LA SH1400 ,LA SH1500 
Монтировки и ломики,LG18ST ,MP18ST ,51358 ,51362 ,9TK312 
Автомагнитолы и мультимедийные системы,KD-X165 ,KD-X176 ,KD-X362BT ,KMM-125 ,MVH-29BT 
Флэш-накопители,MI2.0/IR32U3S ,DTX/64GB ,DTX/128GB ,MI2.0/AL32U7G ,MI2.0/PA16P2B 
Стекла фар,20-5295-LA-1 ,8401A032 ,100 8298 ,20-3456-LA-1 ,20-3767-LA-1 
Фильтр антифриза,H35WF ,24070 ,46279 ,H28WF ,P554685 
Трубки системы омывателя,85321-30080 ,1J0 955 665 E ,307007 ,85321-28020 ,22013 
Топоры,05A436 ,4321051 ,4321061 ,4321321 ,4321331 
Подъемники и подъемное оборудование,TRF3301 ,,,,
Фильтр картерных газов,2385051 ,1 148 112 ,LC 5001 X ,11 61 7 501 566 ,18-0407 
Видеорегистраторы,GE-801WR ,PARK VIEW ULTRA ,PR655445 ,,
"Футболки, кофты, рубашки",012.004.1921 ,012.004.1924 ,012.004.1957 ,012.004.2278 ,012.004.2292 
Шумоизоляция капота,1181300600 ,56014 ,6804-00-9539291P ,88630864302 ,09505 
Ремкомплекты генератора,6 033 AD0 218 ,028 903 310 ,131916 ,235764 ,7133-0924 
Сверла,YT-44700 ,2 607 019 442 ,20150 ,20420 ,20450 
Пневмопистолеты,YT-2373 ,KAGA0204 ,,,
Обувь рабочая,YT-80466 ,,,,
Инструмент и оборудование для перекачки топлива и масла,JEL-0810 ,RE SL007A ,RE SL015 ,RE SL016B-12V ,RE SL22 
Механизмы и составляющие подъема кабины,040.590 ,09.010.3061.040 ,090707950396 ,135 281 ,20102 
Комплекты ксенона,20746 ,12443 ,20741 ,20756 ,20759 
Зонты,000 087 600 G 9B9 ,80 23 2 445 721 ,,,
Стекла боковые,80300-1HB0B ,82570S1010 ,GS 5012 D306 ,GS 5018 D305 ,GS 5413 D307 
Линзы,34106-SNB-023 ,81231-33010 ,81311-33010 ,,
Секретки для колес,27056 ,5Q0 698 137 ,83A071455 ,410078913 ,4M0 601 173 A 
Пневматические трубки и шланги,A 111 018 29 82 ,DK31-099 ,30986 ,02506 ,7011325 
Биты,FSKA0808 ,FSEB1230 ,FSFA1206 ,FSFA1208 ,FSFA1210 
Ударные торцевые головки,KABE1621 ,KADB1618L ,KABA1618 ,KABA1619 ,KABA1621 
Проводка противотуманных фар,17028 ,61 13 1 378 416 ,8390231000ABT ,8518A235 ,
Стекло заднего фонаря,301033 ,100087610 ,26 56 040 00R ,30-808-001 ,712128760009 
Метчики и плашки,YT-1766 ,YT-1768 ,11-906 ,14A212 ,14A312 
Решетки вентиляции крыльев,96546894 ,1Z0 864 231 A ,97510 17000 ,97510 25001 ,5E0 864 237 
Панели заднего обвеса бамперов и багажника,TF69Y0-5602305 ,89348-33190 ,A 205 694 03 25 9F08 ,,
"Рюкзаки, сумки",81 85 2 208 348 ,925919 ,009.2679 ,TH 3203442 ,TH 3203590 
Защитные дуги порогов и подножки,MER-SP-029 ,51797-60080 ,90-922-024 ,MAN-SP-013 ,
Режущие инструменты,10A115 ,SBB0024 ,,,
"Карематы, коврики",16-070-IS ,018.0488 ,16-071-IS ,16-075-IS ,16-076-IS 
Органайзеры для инструмента,5-9703-248-4010 ,6011091 ,7418011 ,79R173 ,YT-08295 
Зеркала внутренние заднего вида,30542 ,6106217 ,7001-03-1200400P ,77 00 413 867 ,85130 2G000 
Автомобильные подъемники и подставки,80308 ,16-006 ,JS-003 ,NR0001 ,YT-17311 
Средства по уходу за оружием,8002424001276 ,XB 40903 ,XB 40904 ,XS 30001 ,HAM004 
Крепеж передних панелей,8U0 805 527 ,92830 1R000 ,,,
Механизмы и компоненты зеркал,7632A516 ,7632B624 ,87612 2B000 ,87908-60B40 ,8F0 858 523 01C 
Колпаки колесные,13337257 ,DK-R15US ,DO CFAT612-14 ,DO GIGABLACK15 ,42602-42020 
Задние стекла,2722BCLVL RW/LH/H ,3354BGSVRW1J RW/RH/H/X ,FB22489 RW/H/X ,GS 1704 D22 ,GS 2555 D23 
Консоли центральные,84662 3K000HZ ,36 31 517 32R ,51 16 8 159 698 ,A 166 626 36 31 ,
Лопаты,5046815 ,5046915 ,5049265 ,5049365 ,51858 
Уплотнитель заднего фонаря,26593-1U69B ,714021727602 ,57A 945 191 ,92767 1J000 ,GHK1-51-3G8 
Комплектующие для установки магнитол и динамиков,281320-46 ,11-005 ,11-011 ,11-034 ,11-090 
Инструменты для ухода за автомобилем,147100 ,147110 ,147410 ,,
Якорь стартера,1 2020 0 ,,,,
Боксы и накидки для перевозки животных,5-3152-218-4011 ,,,,
Сервисные инструменты для кондиционеров,YT-06876 ,YT-06877 ,YT-06879 ,,
Защитные очки,YT-73766 ,YT-7361 ,0899103120 ,82S105 ,9410261 
Автономные отопители,0 100 226 340 ,221000700006 ,411701 ,,
Пепельницы,3U1 857 962 C 2X5 ,565 857 961 9B9 ,6Y0 857 962 47H ,84550 A7000WK ,8K0 857 989 
Дополнительные противотуманные фары,84168067 ,,,,
Инструменты и оборудование для автомоек,NX01410 ,,,,
Инструменты для регулировки фаз газораспределения,RE T8534FRD ,RE T7969VAG ,RE T2424REN ,RE T34460PL ,RE T3523OPL 
Подушки,12100-IS ,16105-IS ,,,
"Бейсболки, кепки, шапки",000 084 300 AM ,000 084 300 AL ,000 084 300 AN ,007.014.0359 ,3U0084301B 
Стяжные ремни и принадлежности,RD721 ,RD719 ,RD711 ,BC2-6 ,ES503 
Провода питания и переходники для ламп,1445 ,1T0 941 621 ,21398 ,283 943 117 ,2K5 945 257 A 
Ремчасти панелей передних,3508 53 ,5C6 805 932 ,FP 1704 241 ,,
Сажевый фильтр,8-98002-346-0 ,BM11026 ,BM11061 ,BM11188H ,BM6064T 
Дождевые формы,81-800-XL ,81-800-XXXL ,81-811-XXL ,81-811-XXXL ,
Люки крыши и компоненты,91 80 661 33R ,54 13 7 163 519 ,A 126 782 01 30 ,,
Автохолодильники,DO CGAZ21628 ,,,,
Очки солнцезащитные,000087900AC ,53597 ,000 087 900 ABF BD ,5E0 087 900 ,
Посуда для дома и отдыха,2000000000503 ,8001136020971 ,,,
Шумоизоляция передних панелей,1T0 863 993 G ,82 00 638 054 ,,,
Уплотнения и компоненты для съемных крыш,PZ447-00PF0-05 ,,,,
Автомобильные лаки,04009IG ,00160 ,004124 ,04096 ,3327 
Ключи трубные и разводные,KTR0100 ,01-203 ,AEEX1A80 ,AMAB5038 ,AWR2200 
Колеса рулевые,34317VA010 ,48430-JD01D ,TF69Y0-8202629 ,,
Датчики дождя и запотевания стекол,61 35 9 248 398 ,89944-42010 ,96010 D3100 ,3B0 858 548 A 01C ,95896 B1000 
Панели крыши,88191708002 ,,,,
"Шины для коммерческого транспорта (шина, C)",0443024 ,,,,
"Ручки, замки и шарниры боковых и задних стекол",103 547 ,357 853 586 D ,81.62680-0069 ,8582 55 ,91017FA010 
Подстаканники,1 523 081 ,51 16 8 217 953 ,5C6 898 209 82V ,92177AL05A ,99 69 412 43R 
Индикаторы и указатели панели приборов,8001048 ,8001051 ,57A 949 145 ,57A 949 146 ,77 01 048 762 
Накладки и рамки задних фонарей,4G5 945 254 ,86613 4H000 ,5780971U ,86523 G5500 ,8W5 945 254 
"Трубки, шланги, патрубки и арматура газовые",1351 TV ,,,,
Хромированные накладки окон,87726 3A000 ,,,,
Статоры генераторов,7135-0952 ,AS0023 ,,,
Эмуляторы ламп накаливания (обманки),18952C2 ,18954C2 ,18960C2 ,18961C2 ,LEDCBCTRL 102 
Скобы,6547 C1 ,17 51 7 787 821 ,33 50 6 779 734 ,55516 2B000 ,
Одежда для работы,YT-742401 ,81-120-L ,81-140-S ,81-216-L ,81-216-XXXL 
Фрезы,50G029 ,SDB06 ,YT-17625 ,,
Шлифовальные и полировальные машинки пневматические,6733521 ,,,,
Масла моторные в бочках от 20 литров,15DBC9 ,150015 ,154140 ,15568E ,194780 
Компрессоры наддува воздуха,97643 2B700 ,97643 2H000 ,976433A670 ,,
Жидкости для пневмосистемы (WABCO),830 702 087 4 ,,,,
Мосты трансмиссии и их составляющие,MR453711 ,4522005000 ,A 108 353 00 42 ,Q128-0019 ,
Переносные ящики для инструмента,MMT A175 03 13503 ,TBAE0302 ,YT-08907 ,,
Пистолеты для покраски и аксессуары,50403 ,6811911 ,F-3-0.5 ,WG-2050 ,
Наколенники,97-530 ,82S161 ,97-537 ,,
Тиски и струбцины,HT-0056 ,DJAC0104 ,,,
Ресивер,9973-50-514 ,,,,
Проставочные кольца и выносные планшайбы,HCR731-671 ,,,,
Фильтр нулевого сопротивления,33-2069 ,332990 ,333025 ,335047 ,KT-6908 
Портативные горелки и плиты,820300 ,2903431 ,GS-0022 ,031.0001 ,TRG-041 
Вариатор и его части,462 0240 20 ,7143 ,7149 ,7194 ,
FM-трансмиттеры,BC32B ,CCTM-01 ,,,
Решетки воздуховодов капота,41 61 8 068 158 ,,,,
Сварка и пайка,4270541 ,44E007 ,44E816 ,73500 ,79398 
Мангалы и грили,E-940 ,4820149872483 ,J-5V ,J-945 ,J-955 
Крепления для лебедок,1756 ,,,,
Приводы форсунок омывателя фары,95750 1F020 ,16 13 1 379 229 ,,,
Преобразователи напряжения (инверторы),ARM-PI300 ,INV01UK ,INV11 ,INVGC09 ,
Аксессуары для кемпинга,4000810045723 ,4820211100247 ,,,
"Термосы, термокружки",017.0164 ,80 56 2 211 967 ,960662-IS ,TRC-010 ,TRC-046 
Подогреватели впускного воздуха,18-0599 ,,,,
Масла индустриальные,2590 ,DURA 46 18L ,,,
Инструменты для ремонта трансмиссии,96SKV130 ,W 725 589 00 90 00 ,,,
Статор стартера,DWA 33800 ,,,,
Газовые форсунки ГБО,HSINGLE-RED ,,,,
Гидравлические насосы,48901-60010 ,,,,
"Мультитулы, наборы универсальные",G202B ,01-027 ,01-028 ,4375611 ,4375621 
Блок АБС,0 265 202 070 ,,,,
Баллон ГБО,007950024810 ,,,,
Принадлежности для реставрации фар,HRK00XM ,,,,
Выносные приборы и тахометры,2649 11 ,,,,
Термобоксы и термосумки,8033116822534DBLUE ,,,,
"Кошельки, портмоне, кредитницы",MFA 573 9L0 0 ,,,,
Наборы инструментов пневматических,KAJA18C1 ,,,,
Малярный и отделочный инструмент,8311781 ,50-351 ,8301321 ,8301341 ,8303131 
Развертки,РАЗВ1315В ,,,,
Газовый редуктор ГБО,W1Y-0072A ,,,,
Инструменты для заклепок,43E712 ,NR F1TR15 ,SHR2905 ,YT-36119 ,
Оборудование и аксессуары для полива,15-772 ,5016215 ,,,
Сучкорезы и пилы,10A750 ,,,,
Фильтр AdBlue,E102U D179 ,UF106 ,,,
"Брюки, штаны, шорты, юбки",007.009.0866 ,,,,
Вилки сцепления,ADP153316 ,ADP153317 ,,,
Скобозабивные пистолеты,16-040 ,,,,
Автомобильные шпатлевки,ND00002 ,ND00016 ,ND00006 ,,
Руководства по ремонту и эксплуатации,978-617-577-099-3 ,,,,
Газовые паяльники и резаки,2901371 ,,,,
Инструменты для обслуживания автомобильных стекол,0XAT5067 ,0XAT5068 ,4850-1 ,,
Пескоструйные аппараты,601569000 ,,,,
Маски и респираторы,9422211 ,,,,
Другие пневмоинструменты,6721622 ,,,,
Тележки подкатные для ремонта,YT-0880 ,,,,
Панели пола передние,5Q1 864 551 A ,,,,
Ударные гайковерты пневматические,YT-09525 ,,,,
Пули и патроны для пневматики,546267-200 ,,,,
Спальники,012.005.0332 ,4001831143085 ,,,
Дополнительные средства защиты,K112947 ,,,,
Защита от звука (наушники),97-562 ,YT-7451 ,,,
Пневматические пистолеты для скоб,14-570 ,,,,
Часы,80 26 2 406 689 ,,,,
Пистолеты для герметика и клея,61-004 ,61-005 ,,,
Тачки и тележки,5056464 ,,,,
Чехлы для телефонов и планшетов,63-135 ,,,,
Моющие аппараты высокого давления,5342793 ,5344053 ,,,
Питьевые системы,TRA-057 ,,,,
Дрели и шуруповерты,58G000 ,,,,
Полки и аксессуары для хранения,4986-10160 ,,,,
Портативные зарядные станции,2E-ASP-SC-SPAN ,,,,
Штатные головные устройства,2021235 ,,,,
Дополнительные фары и фароиcкатели,24353 ,,,,
Усилители крыльев,66325 C5000 ,84159 D9000 ,,,
Сцепки для трейлеров,F 38 ,,,,
Коробка передач,47300 3B600 ,,,,
Посуда для природы,TRC-050 ,,,,
"Куртки, ветровки, жилетки",UTRGB-009-OLIVE ,,,,
